Mentos Jar,175.00,185.00,185.00,2.00,8901393017472
"Gorkha Exetra Strong ",129.31,140.00,140.00,251.00,5740600978105
Alpenliebe,8.54,10.00,9.00,0.00,8901393024074
"Mustang ",129.50,140.00,135.00,137.00,mustang
Badam drink,69.58,80.00,71.66,354.00,745125776804
Current Mix Masala 100g,40.50,50.00,45.00,24.00,8906078070674
Real Pomegranate,232.00,250.00,250.00,6.00,8901888003256
Rosa 30,25.00,30.00,25.66,408.00,na
Horlicks 500g,375.00,390.00,390.00,18.00,8901030795817
Horlicks 1kg,710.00,740.00,730.00,2.00,8901030795855
Gorkha carton,3159.72,3190.00,3190.00,18.50,5740600983130
5000 Beer carton,2522.32,2580.00,2580.00,55.50,8906012071064
Alpenliebe stb,8.54,10.00,9.00,82.00,8901393024098
Glucose 25g,29.99,35.00,35.00,7.00,8901888004451
Pasta 200g Hilife,49.99,60.00,60.00,3.00,pasta 200g Hilife
Nariwal Hair Oil 90Rs,78.55,90.00,90.00,8.00,8944000557275
Himalaya  Aloe Vera face wash,98.00,110.00,110.00,24.00,8901138509224
Nisha Blonde,40.00,50.00,50.00,4.00,8906015584530
Divine wines,575.00,600.00,583.33,105.00,799439765801
Head & Shoulders paket,2.30,3.33,2.50,0.00,4902430729291
bhuja 10kg,630.00,650.00,650.00,5.00,bhuja10kg
Aduwa (Ginger),47.00,80.00,60.00,15.48,Aduwa
Closeup,56.65,65.00,65.00,1.00,8901030752919
Nail cutter 60,45.00,60.00,60.00,6.00,nail cutter
Rajali dal 500gm,76.50,80.00,80.00,6.00,RS.90
kwiks Potato Chips 35g,25.83,30.00,26.00,0.00,8901741020284
Nisha Burgundy,40.00,50.00,50.00,3.00,8906015580648
Rosa 90,75.00,90.00,80.00,54.00,na
Nunn {salt},20.00,20.00,20.00,115.00,nunnsalt
Litchi juice,12.50,15.00,12.98,660.00,8908017894013
Glue Stick,22.00,25.00,25.00,16.00,6936596913582
"Rato dal ",145.00,150.00,147.00,206.60,108G
Sujee( A),45.00,50.00,50.00,0.00,745114094926
Dahi Packet,55.00,60.00,60.00,9.00,dahipyaket
Seviyan,54.54,60.00,60.00,5.00,8901242199205
Milk,47.00,50.00,50.00,32.00,milk
Ariel 500g,158.20,170.00,160.00,0.00,4902430294089
Darshan Rose Flower,41.66,50.00,50.00,9.00,8902264039708
Nestea Lemon Flavour,261.77,290.00,290.00,2.00,8901058872958
Virgin 180ml,208.75,220.00,210.00,27.00,797776183180
Rajma Dal,190.00,220.00,220.00,1.50,Rajma dal
Pantene Silky Smooth Care,443.57,500.00,500.00,1.00,4902430346139
Darshan Lavender,41.66,50.00,50.00,5.00,8902264038824
Potato Biscuit 50g,22.66,25.00,23.00,42.00,841165147502
Darlet,235.00,260.00,260.00,8.00,8410510046993
Dew 2.25 ml,183.88,200.00,200.00,1.00,8902080364343
Dew 600ml,61.00,75.00,65.62,16.00,8902080364091
Harpic Citrus,129.45,140.00,140.00,1.00,8901396174202
Mahima Chiura 500g,46.15,50.00,50.00,0.00,09878672892797
Coco Cola 2.25ml,192.85,200.00,196.66,3.00,cocacola2.25ml
"Coco Cola 1.50ml ",134.87,145.00,145.00,103.00,cocacola1.5ml
Coco cola 500ml,61.19,70.00,63.75,163.00,coka cola 500ml
Darshan White FLower,41.66,50.00,50.00,8.00,8902264038831
"golden tissue ",7.70,10.00,8.50,304.00,9417569127153
Golden Oak 180ml,228.56,240.00,235.00,66.00,8906000861332
Golden Oak 375 ML,457.12,480.00,480.00,18.00,8906000861325
Golden Oak 750ML,914.25,959.00,937.50,20.00,8906000861318
Gorkha Strong,263.31,275.00,275.00,218.00,5740600978792
5000 Real gold,210.19,220.00,220.00,622.00,8906012071248
Royal Stag750ml,1417.66,1620.00,1620.00,2.00,8901522000092
Softy Baby Pant ( XXL),100.00,120.00,120.00,0.00,6935079122183
Sagun Baby Poko Pants (XL),70.00,90.00,80.00,11.00,8908010283159
Softy baby pant (S),75.00,80.00,80.00,0.00,6935079122176
Softy Baby Pant (M),85.00,90.00,90.00,1.00,6935079121766
Softy Baby Pant (L),95.00,100.00,100.00,4.00,6935079121773
"Sagun Baby Poko Pants (S) ",73.00,80.00,80.00,8.00,793112
Sagun Baby Poko Pants (M),70.00,90.00,80.00,23.00,793122
Sagun Baby Poko Pants (L),70.00,90.00,80.00,6.00,793120
Softy pad 290mm,46.15,55.00,50.00,63.00,6935079122121
Softy Magic Baby Wipes,77.00,100.00,100.00,0.00,5233730027053
Softy Magic Baby wipes With Cap,96.00,125.00,125.00,11.00,5233730027053
Softy Travel Wipes,40.00,50.00,50.00,0.00,6785625631559
Besan 200gm Hilife,34.99,50.00,50.00,28.00,besan 200gm
Nariwal,500.00,560.00,560.00,2.62,Nariwal
Kalo Dal 500g,71.00,75.00,75.00,36.00,RS.85
"Bikash dalmot 250g ",47.00,55.00,50.00,5.00,RS.55A
Hariyo Matar 500g,59.00,65.00,65.00,33.00,112A
Cheese Balls 38gm,25.83,30.00,27.00,23.00,8901741070333
Tasty,8.33,10.00,8.75,0.00,8908007441005
Darshan Sandalwood,41.66,50.00,50.00,6.00,8902264039425
Marcha Big,25.00,35.00,33.33,0.00," Marcha Big"
PaniPuri Sixvilla,50.00,65.00,65.00,52.00,9504000347048
Rumpum Hot & Spicy,15.00,20.00,16.66,114.00,9506000024530
Mushroom Soup NPF,59.92,80.00,80.00,4.00,79110065
Vegetable Soup NPF,59.92,80.00,80.00,10.00,79110066
Mustang carton,3108.10,3150.00,3150.00,14.50,mustang carton
Marie 10,7.91,10.00,8.33,76.00,8908012378099
"Barari Chowmein Veg ",55.00,70.00,70.00,0.00,79110054
Nebiko Sugar Free 300gm,85.00,100.00,100.00,6.00,8908008772023
Okhati Neem Soap,25.00,35.00,35.00,0.00,A774504A
Chana 500g,49.00,55.00,55.00,54.00,RS.55
Kanxi Chamal,39.00,45.00,40.00,73.18,kanxi chamal
Icecream Kulfi - 20,15.00,20.00,20.00,76.00,Kulfi
Rara Red,14.84,20.00,16.66,0.00,8978569047861
Rum Pum,15.51,20.00,16.66,3489.00,9504000021306
Hmt Basmati Rice,120.00,130.00,121.00,0.00,Hmt basmati rice
Wai Wai Mini,7.16,10.00,8.33,681.00,8901741000095
Seto Matar 500g,50.64,55.00,55.00,7.00,RS.50C
Current,39.50,45.00,43.00,282.00,8906088860258
Besan 50g,8.00,10.00,10.00,26.00,besan50g
Wai Wai cartoon,488.33,520.00,520.00,48.00,8901741000095
Fena 1kg,95.99,105.00,105.00,4.00,8901190107239
More Light,39.08,45.00,45.00,2575.00,8902102126737
Copy Rough-30,22.50,30.00,25.00,0.00,copyrough
Aloo (Potato),24.18,30.00,27.00,70.50," Aloo"
"Winterise Vesline ",8.00,10.00,10.00,24.00,"Vesline "
Barari Chowmein Egg,55.00,70.00,70.00,2.00,79110055
Big mimi,5.66,10.00,7.14,0.00,8901741000057
Streax red,40.00,50.00,50.00,0.00,8901247576728
streax purple,40.00,50.00,50.00,2.00,8901247577848
Bajaj Almond Drops 50ml,55.00,60.00,60.00,8.00,8906014765947
PROstyle 75gm,54.54,60.00,60.00,11.00,89004401
Gohnson Baby Soap 50g,51.42,60.00,60.00,6.00,8901012116630
Baby massage oil,140.00,150.00,150.00,0.00,8901138511739
"Dekar Gel ",26.00,40.00,40.00,21.00,dekar gel
Head & Shoulders Cool Menthol,313.50,350.00,350.00,0.00,4902430773829
Head & Shoulders Lemon Fresh,313.50,350.00,350.00,1.00,4902430773843
Head & Shoulders Smooth&Silky,313.50,350.00,350.00,1.00,4902430773867
Head & Shoulders Anti-Hairfall,313.50,350.00,350.00,1.00,4902430773812
Clear shampoo,295.00,340.00,340.00,2.00,8851932391726
Sunsilk pink,248.00,280.00,280.00,0.00,8906073140211
Sunsilk Co-cre pink 650ml,430.00,500.00,500.00,1.00,8851932354905
Sunsilk Co-Creations Pink 350ml,248.00,280.00,280.00,4.00,8906073140211
Indica Creme Hair Colour,33.59,40.00,40.00,0.00,8902979024822
Rock Super Care,23.33,40.00,40.00,28.00,6927236618042
Dexe black,20.00,35.00,22.00,0.00,799439301795
"Godrej ",20.00,30.00,30.00,19.00,na
Indica,23.71,30.00,25.00,0.00,8902979001953
Streax black,40.00,50.00,50.00,0.00,8901247577879
streax golden,40.00,50.00,50.00,0.00,8901247572782
Nisha Red,14.00,20.00,20.00,24.00,8906015580228
Ear bud,9.58,15.00,15.00,104.00,6970205640018
Bhuja400g,26.00,40.00,40.00,21.00,bhuja400g
Colgate 44gm,22.75,25.00,23.00,27.00,8901314590077
Colgate MaxFresh 18g,18.25,20.00,20.00,24.00,8901314606723
Colgate max fresh,40.83,45.00,45.00,1.00,8901314312501
Nescafe 3 in 1,19.62,25.00,20.37,5.00,8850127008111
toothpick,8.50,10.00,10.00,0.00,6936805400063
Lux,37.00,40.00,38.50,82.00,8906073140662
Colgate 360g,204.00,225.00,225.00,2.00,8901314118264
"Papaya & Berry ",75.00,85.00,85.00,1.00,"Papaya "
Bhuja200g,13.00,20.00,20.00,3.00,bhuja200g
Nail cutter 80,57.16,80.00,80.00,8.00,nail cutter 80
Tasty Cartoon,800.00,815.00,815.00,0.00,na
"Lifeboy ",32.00,35.00,33.50,81.00,8906073140938
Dettol 125gm,75.63,80.00,80.00,15.00,8901396397632
Fizz soap,30.41,35.00,33.33,11.00,890407400023fizz
Dew 2.25ml carton,1655.00,1700.00,1700.00,0.00,9505000060593
"Mortein ",277.82,300.00,300.00,3.00,8901396513704
whisper Choice Ultra,60.26,70.00,65.00,35.00,8001090179180
Lasun (Local),113.73,200.00,150.00,8.07,lasun local
Pamacare Sandal,120.00,150.00,120.00,1.00,8906045420723
Pamacare lavender,120.00,150.00,150.00,0.00,8906045420730
Pitambari,32.50,50.00,43.00,112.00,8986012947392
"TUBORG Can ",270.00,290.00,290.00,3.00,5740600992958
Hasina Harpic,78.00,115.00,115.00,3.00,Hasina HArpic
Bijuli churot  Peti,1541.18,1575.00,1575.00,6.00,na
Phenyl black 1Ltr.,70.00,120.00,120.00,26.00,Phenyl  black1L
Newtela 100gm,16.00,20.00,20.00,11.00,102A
Phenyl white,48.00,80.00,60.00,7.00,"phenyl white "
Softy pad 320mm,82.99,100.00,90.00,45.00,6935079122107
Jhola 5,4.40,5.00,5.00,275.00,9770214637224
Beauty Plus,50.00,65.00,65.00,1.00,6937136929131
Panty Liners,65.00,90.00,90.00,34.00,6935079124774
Softy Pad 300mm,55.00,70.00,70.00,39.00,Softy Pad 300mm
Water colour pen,32.00,35.00,35.00,0.00,water colour pen
Black Polish,35.00,45.00,45.00,40.00,6901997601802
Pen,6.50,10.00,8.50,146.00,top tec pens
"Gel pen ",7.50,10.00,8.00,85.00,gel pen
Upakar Longgrain 1kg,150.00,160.00,160.00,10.00,long upaker
tape black,15.00,20.00,20.00,58.00,tape black
White tape,4.16,10.00,8.00,23.00,"white tape "
Super glue,12.00,20.00,20.00,42.00,6972547619707
"Gum ",10.00,15.00,15.00,0.00,4552252154124
Scale,7.00,10.00,8.50,16.00,scale
Choco Pie (Red),16.38,20.00,16.66,0.00,na
Sharpener,3.25,5.00,4.00,90.00,8908000034266
Pencil,7.30,10.00,8.00,234.00,8908004279298
"staples ",12.00,15.00,15.00,14.00,8901057510028
Clip Board,80.00,100.00,100.00,5.00,1234567890
Clip- board 60,45.00,60.00,60.00,0.00,clip-board
Graph copy,24.00,30.00,30.00,12.00,graph copy
Copy-40,30.00,40.00,35.00,16.00,copy 40
Copy-50,37.50,50.00,45.00,38.00,copy 50
Copy-60,45.00,60.00,55.00,25.00,copy- 60
Copy-90,70.00,90.00,90.00,0.00,copy-90
Copy-20,13.33,20.00,15.00,38.00,copy20
Copy-10,8.00,10.00,10.00,0.00,copy10
Copy-30,22.50,30.00,26.00,48.00,copy30
Copy 4line-20,13.75,20.00,20.00,27.00,copy4line-20
Copy math-20,15.00,20.00,20.00,0.00,mathcopy30
Sunsilk  packet,1.70,2.00,1.87,9050.00,8906073140242
Sunsilk Co-Creation black 335ml,248.00,285.00,285.00,14.00,8906073140198
P3 50kg,2550.00,2700.00,2700.00,0.00,p3
Pasta 200g,15.60,25.00,25.00,1.00,119G
dabur red 25g,18.18,20.00,20.00,3.00,8901888005687
Comb,12.25,25.00,20.00,39.00,comb25
Eveready Kids,20.00,30.00,30.00,4.00,6948031305319
Soya Chunks 60,44.00,60.00,60.00,1.00,na
Veet Sensitive Skin,109.09,130.00,130.00,2.00,8901396343806
Real Brust,16.66,20.00,20.00,0.00,8901888006004
Real Apple 180ml,16.66,25.00,20.00,51.00,8901888005977
Dabur red 80g,59.08,65.00,55.50,46.00,8901888003713
Gillette blade,22.19,25.00,23.00,15.00,7702018877201
Gillette 1pc,3.69,5.00,5.00,281.00,7702018877201
"Zero coca cola ",63.74,70.00,65.00,63.00,"zerococolacola "
Toilet tissue 45 ko,38.00,45.00,40.00,0.00,"Toile tissue 45 ko "
Toilet pepar 25 ko,21.00,25.00,22.00,41.00,"Toilet pepar 25 ko   "
Softy extra long,52.26,60.00,55.00,44.00,8903622000156
Adult comfort,450.00,550.00,550.00,0.00,6935386982401
Nycil Powder,158.97,175.00,170.00,0.00,nycil
Khursani Dry 200g,68.47,100.00,100.00,4.00,na
Corn Flakes Hilife Red 300gm,120.98,145.00,145.00,6.00,738956291080
Soya chunks Hilife,57.50,70.00,70.00,20.00,6761780442568
Meat Masala 25g (A),15.00,25.00,25.00,3.00,Meat Masala
Panipuri Masala50g (A),30.00,45.00,45.00,2.00,"Panipuri "
Tulsi 25kg 2,1200.00,1250.00,1250.00,13.00,tulsi 25kg 2
Chicken Masala (A),30.00,45.00,45.00,1.00,Chicken
Chowmein Masala 50g (A),30.00,45.00,45.00,0.00,Chowmein
Black Paper M,73.50,80.00,80.00,35.00,BLACK
Titan,14.37,20.00,16.00,0.00,titan
Patanjali dish wash,16.00,20.00,16.66,6.00,8906080246104
"Vim bar ",8.33,10.00,8.75,1794.00,8906073140716
"V-series expert  10 ",6.94,10.00,8.33,37.00,v10
Dairy Milk 50g,72.72,80.00,80.00,7.00,7622201149437
"Steel jhuss 10 ",8.30,10.00,10.00,26.00,190966005468
Kitkat dessert yello,105.26,120.00,120.00,0.00,8901058898811
Almond,97.50,120.00,120.00,5.00,na
Gilette 27,34.00,40.00,40.00,16.00,4902430853880
Haldibari tea 200gm,92.00,140.00,140.00,6.00,"                                                      na"
"Okhar ",110.00,150.00,150.00,2.00,okhar
Pantene Long Black,443.57,500.00,500.00,2.00,4902430346122
Sabji Masala 185g (A),50.00,100.00,100.00,2.00,9770214637224
Jwano 50g,23.50,30.00,30.00,55.00,Jwano 50g
Nescafe 50g classic,185.00,195.00,195.00,0.00,8901058826760
Red Blue,95.83,110.00,98.95,242.00,8938502469419
V series export 20ko,14.58,20.00,16.35,20.00,8908007295943
Mamy poko pants (S),60.34,70.00,65.00,7.00,8903622131010
Exo 500g,75.00,85.00,85.00,23.00,8902102199427
Exo 250g,43.73,50.00,50.00,61.00,8902102160137
2pm Cartoon,760.00,790.00,790.00,0.00,2pm cartoon
Gorkha carton sano,3103.59,3150.00,3150.00,4.00,8906012071101
Kitkat 10,8.77,10.00,10.00,63.00,kitkat 10
Meat Masala  25g,24.00,30.00,25.50,42.00,8906057900213
Jeera 200g,100.00,110.00,110.00,73.00,RS.100 C
"Century chicken ",40.75,50.00,50.00,0.00,8906057900060
KitKat 55g,70.16,80.00,80.00,4.00,8901058868036
Garam Masala 25gm,32.00,40.00,40.00,7.00,8906057900640
Fish masala 50gm,47.60,55.00,55.00,21.00,8906057900107
Momo Masala 25g,26.50,35.00,35.00,19.00,8906057900251
Black pepar 25gm,35.12,45.00,38.00,4.00,8906057900602
Panipuri masala,37.00,45.00,45.00,0.00,8906057901814
Jal jeera 50gm,43.75,55.00,55.00,33.00,8906057900817
Current Mix Masala 200g,75.00,100.00,90.00,22.00,8906078070667
Seto teel 100gm,32.00,45.00,45.00,4.00,seto teel
Soda 50gm,7.00,10.00,10.00,174.00,Soda
Paicho Soya Sauce 350gm,55.00,65.00,65.00,11.00,710535562378
Jeera 100g,50.00,60.00,60.00,154.00,Jeera 100g
Jeera 50g,23.40,30.00,30.00,525.00,8908012768043
Butter Craker carton,975.00,1000.00,1000.00,0.00,8906036150042
Jeera 500g,239.00,275.00,230.00,39.00,na
Jwano 400g,130.00,160.00,160.00,0.00,jjwano 400g
Jwano100g,47.00,60.00,60.00,14.00,jwano 100g
Kitkat 27.5gm,35.08,40.00,40.00,10.00,8901058144345
Meat Masala 13gm,5.25,10.00,5.57,40.00,Meat Masala 13gm
Sabji Masala 25gm,20.00,25.00,25.00,39.00,8906057900299
Chilli Powder 200g,90.00,110.00,110.00,0.00,8906057900398
Chilli powder 50g,22.50,30.00,25.00,56.00,8906057900374
Ajeena moto 200gm,68.00,90.00,90.00,48.00,ajeenamoto
Ajeena moto 13gm,6.00,10.00,8.00,697.00,ajeena moto 13gm
Wai Wai,16.27,20.00,18.33,68.00,8901741000019
Rum Pum cartoon,465.30,465.30,465.30,109.00,9504000021320
Nariwal Hair Oil 450ml,340.36,390.00,390.00,5.00,8944000557176
Besar 50g,20.00,25.00,21.00,59.00,8906057900435
Besar 100g,36.00,45.00,45.00,23.00,8906057900442
Dhaniya Powder 50gm,19.60,25.00,25.00,8.00,8906057900497
Gyan Chakki Aata 2kg,124.00,140.00,140.00,0.00,745114094803
Okhati Face Soap,35.00,50.00,50.00,2.00,0FS2009S
Sishnu Powder 200gm,192.00,225.00,225.00,2.00,sishnu
Sujee,32.00,40.00,40.00,25.00,sujee
Makai  ko Chamal,98.00,110.00,110.00,0.00,1011
Corn Flour,57.50,100.00,100.00,9.00,Corn Flour
Toree pahelo 50gm,12.50,15.00,15.00,25.00,toree pahelo50gm
Toree kalo 100gm,25.00,35.00,35.00,0.00,toree kalo 13gm
Bire Nun 100gm,7.00,10.00,8.00,201.00,Bire Nun 100gm
Bire Nun 1kg,40.00,50.00,50.00,6.00,Bire Nun 1kg
Mix Masala 85g (A),28.00,40.00,40.00,14.00,Mix Masala
Milky bar 20g,17.54,20.00,20.00,4.00,89008232
Mushroom soup,77.26,85.00,80.00,0.00,8901242297604
Chicken soup,81.81,90.00,90.00,1.00,8901242199816
Momo Masala Red (A),30.00,50.00,50.00,0.00,momo masala
Kismis 100g,55.00,70.00,70.00,0.00,"kismis "
Nestle Classic 18g,17.55,20.00,20.00,1.00,89006511
Nescafe Small,3.63,5.00,4.00,0.00,neps cofee
"Stapler ",65.00,80.00,80.00,9.00,8901057310062
Kalo teel 50g,18.50,30.00,30.00,78.00,kalo teel 50g
Imperial Leather (200gm),87.92,95.00,95.00,1.00,8850169047024
Shikhar Ice Churot Peti,1727.00,1745.00,1745.00,10.00,shikhar churot
Imperial Leather (115gm),54.99,65.00,65.00,5.00,6297000323060
Corn Flakes,267.81,295.00,290.00,0.00,8901058870596
Seto teel 50 gm,20.00,30.00,30.00,40.00,Seto teel50gm
"Koshi Sauce ",45.83,60.00,50.00,0.00,Koshi sacue
Jwano 25g,13.00,20.00,20.00,8.00,Jwano 25g
12 Masala 200gm,70.70,80.00,80.00,24.00,12 masala 20gm
12 Masala 50gm,17.50,25.00,21.00,177.00,12 masala 25 ko
Jhola 15,9.14,15.00,15.00,78.00,na
paicho Soya Sause 800g,93.16,110.00,110.00,11.00,710535562361
Bikash dalmot 155g,27.00,35.00,30.00,12.00,(bikash)dalmot
Maggi Tomato Ketchup 500g,199.99,220.00,220.00,4.00,8901058101577
Mixed Pickle 200g,58.00,75.00,75.00,5.00,8906057903085
Vinegar,38.50,45.00,45.00,1.00,710535562545
Paicho Hot & Sweet Sauce,77.08,90.00,90.00,4.00,710535562514
Dragon carton,2537.37,2575.00,2575.00,29.00,8901821002193
Dragon,210.00,210.00,210.00,162.00,"dragon "
Mixed Vegetable Soup,77.26,85.00,85.00,6.00,8901242151104
Panipuri,170.00,180.00,180.00,15.00,8908007475031
Chuk,65.00,90.00,90.00,31.00,chuk
Ghee 200g,193.83,230.00,230.00,18.00,ghee 200g
Dynamite,37.00,40.00,39.00,210.00,8901741001467
Chuk 450ml,140.00,170.00,170.00,0.00,chuk 450ml
Chilli Powder 100g,44.50,60.00,60.00,44.00,8906057900381
Nauni Ghee,390.00,410.00,410.00,10.00,Nauni Ghee
Dairy Milk 13g,18.19,20.00,20.00,8.00,8901233030548
Dairy Milk 24g,36.36,40.00,40.00,0.00,7622201149406
Gohnsons Baby Cream50g,114.28,125.00,125.00,2.00,8901012116814
Krazy Cheese Ball,3.41,5.00,3.75,105.00,9504000021412
"Mama ",3.78,5.00,5.00,1562.00,8901741001542
Dabur Red 40g,22.72,25.00,23.00,42.00,8901888003652
Dabur Chyawanprash 1kg,545.45,580.00,580.00,6.00,8901888000637
Cheese balls Rumpum,7.00,10.00,8.00,41.00,9506000022451
Chicken cracker 38gm,25.00,30.00,27.00,12.00,8901741070449
Himalaya Neem Face Wash,94.00,100.00,100.00,8.00,8901138512187
Gharelu Cooking Oil,130.00,140.00,140.00,9.00,na
Bourbon Biscuits Cartoon,595.00,610.00,610.00,5.00,"bon bon biscuits cartoon "
Mater fry 5ko,3.25,5.00,3.75,72.00,mf5ko
Sukmel 10g,37.00,50.00,50.00,6.00,sukmel 10g
Kaju 100g,140.00,160.00,160.00,0.00,RS.160
Coca cola 1.5ml {carton},809.25,820.00,820.00,3.00,cocacol zoro
Palmolive HandWash,71.25,80.00,80.00,8.00,8901314595058
Furandana 615g,115.00,130.00,120.00,87.00,RS130A
Furandana 260g,47.91,60.00,55.00,3.00,RS.60 C
Colgate MaxFresh 70g,50.00,55.00,55.00,0.00,8901314563200
Tide Surf 1kg,174.16,190.00,190.00,4.00,4902430299756
CheeseBall 5,4.16,5.00,5.00,597.00,8901741070166
Nebiko Sugar Free,40.00,50.00,45.00,0.00,8908008772290
Postman oil,137.50,140.00,140.00,0.00,"postman "
Rumpum Hot & Spicy Carton,450.00,480.00,480.00,0.00,"hot & n Spicy "
Cello Oil,142.50,145.00,145.00,70.00,cello cocking
Dalda pam oil,125.00,130.00,130.00,37.00,daldapam
Inhaler,30.00,45.00,45.00,14.00,8906045420778
Sancho,32.66,35.00,35.00,34.00,745125684932
"Upakar Jeera ",1600.00,1650.00,1650.00,21.00,upakar jeera
Anda {egg},12.61,15.00,15.00,980.00,anda{egg}
Aata (khulla),49.00,60.00,55.00,4.00," khullaataa"
Maidha (khulla),54.00,60.00,60.00,99.00,maidhakhulla
Kalo dal,142.00,150.00,150.00,13.00,123
Hariyo Matar,118.00,130.00,130.00,48.50,114A
Colgate MaxFresh 150g,90.83,100.00,100.00,7.00,8901314309914
Harpic bathroom Cleaner Floral,132.36,140.00,140.00,0.00,8901396153108
Glucose 500g,149.99,170.00,170.00,20.00,8901888045584
Tass,44.16,60.00,46.66,2.00,6924183909551
Chini [suger],88.00,90.00,90.00,10.50,106G
Papaya wash soap free,113.00,120.00,120.00,0.00,8904035416305
Pareli Chips,3.50,5.00,3.75,0.00,na
Jeera 400gm,144.00,180.00,180.00,0.00,na
Sunflower Jeera Masina,1690.00,1730.00,1730.00,0.00,Sun flower
Khukuri churot,98.34,100.00,100.00,84.00,5oISuYk/SYsKWVktsPT/Rg==
"Bijuli churot ",77.05,80.00,80.00,111.00,bijulichurot
Shikhar Ice churot,167.08,175.00,175.00,45.50,na
Double apple,175.00,200.00,200.00,8.00,802084125064
Colgate Herbal100g,87.25,95.00,95.00,0.00,8901314021540
Eclairs,75.00,100.00,80.00,66.00,8900531600002
Center Fresh,77.50,100.00,80.00,76.00,8902434114419
Birthday candle,20.00,40.00,40.00,0.00,birthday
Happydent,22.46,25.00,23.00,0.00,8901393020373
Momo Masala 50g,47.60,60.00,60.00,14.00,8906057900268
Zing Wai Wai carton,464.51,475.00,475.00,1.00,8901741001276
Pantene Hairfall Control,443.57,500.00,500.00,0.00,4902430346115
12 Masala 100gm,35.00,45.00,45.00,99.00,12 masala 100gm
Kitkat 12.8g,17.57,20.00,20.00,9.00,8901058873412
Manik Chand Dhup,15.00,20.00,20.00,4.00,manik chand dhup
"Power ",14.58,20.00,15.00,41.00,5005462041566
Pani (Water),10.83,20.00,11.66,8.00,na
Hero Light 5watt,100.00,130.00,130.00,0.00,na
Hero Light 9watt,135.00,160.00,160.00,0.00,na
Popcorn 1000g,108.00,120.00,120.00,18.00,1120
black tape,15.50,20.00,20.00,41.00,blacktape
Garam Masala50gm,57.50,70.00,70.00,0.00,8906057900114
Good life,7.85,10.00,8.33,999.00,9505000022096
Sugun baby poko pants L,73.00,95.00,95.00,13.00,793120
Nariwal 100g,50.00,70.00,70.00,1.00,nariwal 100g
Fa Men Sport,133.99,145.00,145.00,2.00,4015000536745
Tomato,31.50,40.00,40.00,13.50,tomato
Marcha Small,8.00,15.00,12.50,0.00,marcha
Plastic glass,0.71,2.00,1.00,4091.00,plasticglass
Plates12,75.00,90.00,90.00,1.00,paperplares12
plates no.7,35.00,40.00,40.00,0.00,paperplateno6
plates no.6,20.00,25.00,25.00,19.00,paperplatesno4
Plates no.10,65.00,70.00,70.00,1.00,paperplatesno.5
Nunn khulla,11.50,15.00,14.00,293.00,khullanun
Wai Wai Xpress,15.75,20.00,16.66,120.00,8901741001573
Mama Carton,232.63,240.00,240.00,12.00,mamacarton
Ganesh laxmi Usina,67.60,70.00,69.00,132.00,ganesh laxmi usina
Chyakhla,44.00,45.00,44.50,223.00,makaikochakhla
Chiura,47.50,60.00,50.00,14.00,"chiura "
"Pasta ",78.00,100.00,100.00,5.00,101G
Newtela,145.00,150.00,150.00,0.00,newtela
Chana,98.00,110.00,105.00,41.00,103G
Seto Matar,101.28,110.00,110.00,0.50,RS.100C
Bhuja,63.00,80.00,80.00,2.62,Bhuja
Finger Chips,70.00,80.00,80.00,5.00,Finger Chips
"cuting Chips ",71.25,80.00,80.00,12.00,Rs.80
Chicken Masala 50gm,45.00,55.00,55.00,24.00,8906057900060
"dharaa oil ",166.25,175.00,167.50,60.00,710535718010
RN Jeera Masina,1560.00,1580.00,1580.00,22.00,na
Century Bikaneri Bhujiya,72.00,90.00,90.00,1.00,8906057903542
Dahi cup,35.00,40.00,40.00,8.00,dahicup
"Mohi ",22.00,25.00,20.00,12.00,Mohi
Lighter,10.00,15.00,15.00,91.00,6739225235822
Kaloo Khudi 50kg,1525.00,1600.00,1600.00,0.00,khudikaloo50kg
Godrej No1 Lime,20.00,35.00,35.00,11.00,8901023007477
Label 180ml,216.61,230.00,230.00,35.00,Label 180ml
Trital Namkin,7.50,10.00,8.33,26.00,na
Pitho,41.00,45.00,42.00,422.00,Makaiko pitho
Pauroti,25.00,30.00,30.00,39.00,bread
Colgate Herbal200g,151.25,165.00,165.00,1.00,8901314310033
Chocofun,4.06,5.00,4.18,9.00,8902434111111
B1,74.50,82.00,79.50,20.00,B1
B2,74.00,82.00,79.00,464.00,b2
B3,73.00,80.00,78.00,221.00,b3
G2,40.50,48.00,43.50,319.00,g2
G3,40.50,48.00,43.50,343.00,g3
P2,52.00,58.00,55.00,0.00,p2
Kurmure 5Cartoon,240.00,250.00,250.00,6.00,na
"Atals Chamal ",51.50,55.00,52.00,0.00,Atals chamal
Hulas Chiura,62.50,80.00,75.00,7.00,Hulas chiura
Choker 50kg,2400.00,2450.00,2450.00,5.00,Choker 50kg
Chat Masala 50g,41.00,55.00,55.00,20.00,8906057900046
Jeera Powder 50g,31.20,40.00,40.00,29.00,8906057900558
Bhus,25.00,28.00,26.00,400.00,Chiura Bhus
Kaloo khudi,33.50,35.00,34.00,21.00,kalo khudi
"Nimbu Pani ",28.65,40.00,40.00,29.00,745240410010
Mamy Poko Pants (L),82.35,90.00,85.00,8.00,8903622131133
Signature Red 750ml,2120.33,2299.00,2299.00,0.00,8902967204465
"Kodo ",47.50,50.00,48.00,158.00,Kodo
khursani 100g,34.23,60.00,60.00,0.00,na
khane kapur,40.00,50.00,50.00,0.00,khanekapur
Kalo Teel 200gm,76.00,85.00,80.00,42.00,kaloteel
Himalaya Neem Face Wash 100ml,175.00,190.00,190.00,1.00,8901138512460
Khursani [dry],342.38,400.00,380.00,23.72,sukekokhursani
Papad Sada,35.00,50.00,50.00,1.00,papad sada
Arna Premium,123.75,130.00,125.00,0.00,706502581220
Soya Sauce 800g Century,80.00,100.00,100.00,10.00,8906057903245
Pan Raas,185.00,200.00,200.00,10.00,802084128461
G1,41.00,45.00,42.00,0.00,g1
"Kik ",42.91,60.00,60.00,0.00,9505000060074
Oreo 120g,54.54,60.00,60.00,0.00,8901233025155
Rang  mango,50.00,60.00,50.00,0.00,rangmango
Tokla Jar 200gm,118.59,140.00,140.00,0.00,8908002900316
Misree,143.75,200.00,150.00,5.50,misree
Sainik khaini packet,110.00,115.00,115.00,0.00,sainikkhainipacket
cheese ball U-n-Me,33.00,40.00,40.00,20.00,na
Kalo jeera 13gm,5.00,10.00,10.00,0.00,kalo jeera 13gm
Jazz Black,12.50,30.00,30.00,3.00,6948031301311
Surya Vog Jeera Chamal,1525.00,1550.00,1550.00,2.00,surya vog jeera
Oly night,297.41,450.00,450.00,4.00,4902430374293
Chicken Cracker 10,8.66,10.00,9.00,0.00,8901741070364
Current Mix Masala 13gm,7.35,10.00,7.50,445.00,8906078070520
Papad   (suraj),160.00,200.00,78.00,0.00,Suraj Papad
Dhaniya 100gm,22.50,30.00,30.00,6.00,"Dhaniya "
Methi 100g,24.00,30.00,30.00,137.00,methi 100g
Hand Sanitizer 50ML,95.00,120.00,120.00,0.00,Hand Sanitizer
"Mask ",3.40,10.00,3.60,799.00,Mask
"Sagun Pad 8 ",65.00,80.00,80.00,20.00,793106
"Sagun Pad 7 ",56.00,70.00,70.00,3.00,Sagun Pad
Softy 8 320mm,100.00,120.00,120.00,15.00,6935079122084
Colgate 100g,68.25,75.00,71.00,25.00,8901314305541
Colgate 175g,74.58,80.00,80.00,0.00,8901314081018
"Bhujiya 50 (trital) ",40.00,50.00,45.00,0.00,RS.50 D
Dettol 75gm,45.45,50.00,48.00,43.00,8901396393610
Dabur red 175g,126.34,140.00,140.00,12.00,8901888003836
Gahu,40.00,45.00,45.00,1.30,Gahu
Dalmote 35 (Trital),28.00,35.00,31.00,14.00,1213
Tulsi 25 kg,1300.00,1325.00,1325.00,0.00,8902434111036
Exo Bar 115g,43.64,50.00,50.00,161.00,8902102161776
Bajaj Almond Drops 100ml,105.00,110.00,110.00,0.00,8906014765961
Himalayan Baby Powder 100gm,112.00,120.00,120.00,0.00,8901138511814
Black Dishwash,9.50,15.00,12.50,397.00,Black Soap
Chiura 20kg,1025.00,1050.00,1050.00,0.00,8901542001277
Shuttlecock,37.50,60.00,60.00,24.00,6930043600018
Dove Daliy Shine Shampoo,265.00,300.00,300.00,0.00,8906073141485
Dove Conditioner,345.00,365.00,365.00,0.00,8851932335874
Sunsilk Co-Creations 335ml,248.00,280.00,280.00,8.00,8906073140204
"Apple ",163.22,200.00,200.00,0.00,"APPLE "
Gentle baby Soap,64.00,70.00,70.00,0.00,8901138511838
chupachup lolipop sto,12.00,15.00,15.00,1.00,8901393020410
Bajaj Almond Drops 500ml,400.00,450.00,450.00,0.00,8906014765992
Bajaj Almond Drops 200ml,180.00,210.00,210.00,0.00,8906014765978
Godrej Rose Water,25.00,35.00,35.00,1.00,8901023007446
Marie 50 Goodlife,40.50,45.00,45.00,52.00,9505000021044
Nail Cuttter,30.00,60.00,60.00,9.00,Na
Pop Corn200g,21.60,30.00,30.00,81.00,RS.30 A
Pop Corn 400g,43.20,60.00,60.00,19.00,RS.60
Oly Day,297.41,450.00,450.00,7.00,4902430374231
Gohnson Baby Cream 30g,78.56,90.00,90.00,0.00,8901012116807
Shree Hari Red,16.66,20.00,20.00,4.00,709586808382
Mangaldeep 30,23.44,30.00,25.00,0.00,8902216212425
Mangaldeep 20,15.44,20.00,20.00,1.00,8902216211718
Phenyl white1ltr.,77.50,120.00,120.00,4.00,phenylwhite1ltr
Chiura Khudi,39.00,42.00,40.00,0.00,Chiura Khudi
Pantene conditioner hair FC,286.68,350.00,350.00,2.00,4902430401036
Dairy Milk,9.09,10.00,10.00,0.00,841165131297
Exo Cartoon,550.00,600.00,600.00,0.00,na
Fanta 2.25,183.75,200.00,200.00,0.00,fanta
panipuri 250gm,42.50,50.00,50.00,74.00,110G
Chini 500gm,44.00,45.00,45.00,101.00,104G
Signature Red 375ml,1060.16,1149.00,1149.00,0.00,8902967205806
Garam Masala 25g (M),25.62,35.00,35.00,32.00,GARAM MASALA
Hulas Aata,112.00,120.00,120.00,0.00,hulas aata
Amrit Oil,120.00,130.00,122.50,10.00,790113
Anda [crate],378.50,400.00,400.00,22.00,andacrate
Cuting chip 200g,14.25,20.00,20.00,17.00,105G
Finger Chips 200g,14.00,20.00,20.00,11.00,fingerchips250gm
Toree kalo 20gm,6.00,10.00,10.00,6.00,toreekalo20gm
Gohnson Baby Powder 50gm,57.14,65.00,65.00,0.00,8901012116555
Clean Hand 115ml,120.00,130.00,130.00,30.00,na
Hand Sanitizer 500ML,530.00,630.00,630.00,2.00,Na
Milky bar 40g,35.48,40.00,40.00,5.00,8901058855746
Papad Masala,45.00,60.00,60.00,1.00,papad masala
Cheese Lite,7.91,10.00,8.75,0.00,8908012378228
Maggi Hot Sweet Sauce 200g,122.72,135.00,135.00,2.00,89000687
Bhola Packet,318.18,325.00,325.00,14.00,bhola
Fuchhe Rum pum,6.16,10.00,7.69,0.00,9506000024325
Erasers,3.25,5.00,4.00,107.00,8908000034716
Cello Cartoon,2850.00,2875.00,2875.00,1.00,Cello Certoon
Postman carton,2750.00,2775.00,2775.00,0.00,postmancarton.
Orall-B Shiny Clean A,23.06,30.00,30.00,24.00,4902430806053
Methi 200gm,48.00,60.00,60.00,29.00,Methi 200gm
Dhaniya 200gm,45.00,60.00,60.00,0.00,Dhania 200gm
Happy,29.68,40.00,33.33,108.00,na
Salai [match box],151.00,170.00,170.00,5.00,salai
Kagati Lemon,4.88,7.50,6.66,0.00,Kagati Lemon
Signature Red 180ml,530.08,575.00,575.00,10.00,8902967205813
Lotte Jellies,16.66,20.00,17.50,0.00,8901123000439
Nestle Classic 34g,35.08,40.00,40.00,6.00,8901058850390
Rasna Orange,160.36,180.00,180.00,2.00,8901848000769
Oven Fresh Sujee Tost,50.00,60.00,60.00,0.00,774326
Dhobi Soap,28.33,35.00,33.33,161.00,8901324568912
Signature 90ml,252.00,270.00,270.00,16.00,8902967200146
Nepal Ice Strong can,191.16,200.00,200.00,0.00,8906012071019
bubbly,220.00,240.00,240.00,0.00,bubbly
Oral-B Cavity Defense 155,135.56,155.00,155.00,1.00,4902430766579
rato dal 500g,72.50,75.00,75.00,90.00,107G
Sangam,16.66,30.00,30.00,0.00,6947357112410
Swastik panmara,52.50,55.00,55.00,279.50,dawat Panmara
Phenyl black,44.00,70.00,60.00,24.00,black phenyl
Softy Sanitary Napkins,42.00,50.00,50.00,0.00,6935079122114
Pasta Gama,8.16,10.00,10.00,9.00,pastagama
Godrej Sandal,25.00,35.00,35.00,15.00,8901023007408
Dermi Cool Menthol Regular,157.08,170.00,155.00,27.00,8901177001840
Dermi Fresh lavender,140.00,155.00,155.00,0.00,8904250605362
"Flexi Clean ",26.66,50.00,50.00,0.00,6947357114155
Zorrik,13.33,20.00,20.00,12.00,50134056415510
Doms Colour Pencil,32.00,45.00,45.00,44.00,8908004279007
copy 4 line 40,30.00,40.00,35.00,0.00,Copy 4 line 50
Top Goodlife,38.50,45.00,42.91,1.00,9505000021150
Oral-B Sensitive 175,150.62,175.00,175.00,0.00,4987176071569
Food Colour,42.00,50.00,50.00,49.00,food colour
Sekuwa masala,41.00,50.00,50.00,39.00,8906057900626
Meat masala 500g,370.00,425.00,425.00,1.00,meatmasala
Meat Masala 50g,45.00,55.00,55.00,60.00,8906057900220
pamacare classic,120.00,150.00,150.00,1.00,8906045420716
pamacare sanitizer,45.00,80.00,80.00,13.00,8906045420877
Ear Bud Box,60.00,80.00,80.00,5.00,6920738010031
Wai Wai Mini Cartoon,215.00,220.00,220.00,1.00,Wai wai mini
Prawn Chips,32.00,40.00,35.00,362.00,7911013
Rajali Dal,153.00,160.00,160.00,2.00,RS.180
Fa Aqua,133.99,145.00,145.00,2.00,894015000280235
Bateko dhup,15.00,20.00,20.00,3.00,batekodhup
"Oral-B Clove ",28.83,35.00,35.00,15.00,4902430150941
Rusk Bakeland,55.00,65.00,60.00,14.00,8908012378174
Padlock (30mm),75.00,100.00,100.00,2.00,na
Good Life Cartoon,1318.80,1330.00,1330.00,4.00,good life cartoon
Richlock (50mm),132.00,150.00,150.00,2.00,6946733990239
Richlock (40mm),95.00,120.00,120.00,1.00,6946733990222
Cheese Lite Big,41.25,50.00,45.00,4.00,cheese lite big
Dew 1.50ml,127.20,150.00,150.00,12.00,8902080364077
Chatpate Masala,43.00,55.00,55.00,18.00,8906057904136
Kodo ko Pitho,88.33,100.00,100.00,14.00,710535562309
Kurmure 10,7.83,10.00,8.00,392.00,8906057901401
Poket perfume,78.46,90.00,90.00,24.00,poketperfume
Chilli Powder 500gm,222.50,270.00,270.00,5.00,8906057900404
Kurmure green,33.33,40.00,35.00,34.00,8906057901425
Kurmure Red,33.33,40.00,35.00,13.00,2564235920574
Tuborg gold,321.66,335.00,335.00,2.00,tuborggold
Big mimi carton,170.00,190.00,190.00,0.00,bigmimicaeton
Marie Cartoon G,760.00,780.00,780.00,4.00,marie cartoon
Oral-B Crisscross,74.64,90.00,90.00,6.00,4902430908405
Oral-B Black 45,35.20,45.00,45.00,0.00,4902430708586
Jordan 4c,127.00,150.00,150.00,10.00,jordan
Kids 2+,69.77,90.00,90.00,2.00,8901314009746
Dabur special,38.00,40.00,40.00,2.00,89005613
Dabur amla 45ml,29.08,35.00,35.00,10.00,89006917
Neem Face Wash,75.00,85.00,85.00,0.00,781303
Mask box,130.00,150.00,150.00,2.00,maskboxb
everyday,395.45,420.00,420.00,9.00,8901058869408
Roza,133.00,160.00,145.00,0.00,8850511121198
Mamy Poko Pants Xl (36),959.04,1050.00,1050.00,1.00,8903622000989
Rang Orange,40.00,50.00,45.00,64.00,rang orange
Kalo Jeera 100gm,45.00,50.00,50.00,4.50,Kal0 Jeera
Champa Dhup,7.76,10.00,8.33,403.00,8902216212012
Paicho Green Chilli Sauce 200gm,55.55,65.00,65.00,7.00,710535562484
Sketch Book,55.00,70.00,70.00,5.00,8906070380115
Fusion Pencil,9.72,15.00,11.00,0.00,Fusion PEncil
Puja Surf 200g,12.00,20.00,15.00,0.00,puja surf 200g
Badam 200g,45.00,60.00,60.00,0.00,na
Marie 10 Goodlife,7.91,10.00,8.33,0.00,9505000020603
"Oral-B Sensitive ",67.09,80.00,80.00,9.00,4902430879385
Lion Surf 500g,44.00,50.00,50.00,0.00,8908011732083
Chocofun Pyacket,69.01,75.00,75.00,0.00,8902434111128
jhola 10,7.05,10.00,10.00,105.00,jhola10
plates no.8,45.00,50.00,50.00,0.00,plaresno8
Balloons,2.50,5.00,2.91,0.00,balloons
Bourbon Biscuits,8.19,10.00,8.75,83.00,9505000020078
Momo Masala (A),15.00,25.00,25.00,0.00,Momo Masala
"Hand Sanitizer ",135.00,180.00,180.00,0.00,6972071893031
Vinegar Powder 100g,35.00,45.00,45.00,25.00,Vinegar
Fena 500g,52.55,60.00,55.00,80.00,8901190107222
Rosa Chowmin,55.00,65.00,60.00,59.00,na
Rosa Steam Noodles,27.50,35.00,35.00,0.00,na
Surya dish wash pad,10.41,15.00,15.00,0.00,surydishwashpad
Clean Hand 1ltr,420.00,500.00,500.00,5.00,"Hand "
Oral-B Charcoal 50,41.00,50.00,20.00,2.00,4987176037114
Koko Lollypop,290.00,300.00,300.00,0.00,koko lollypop
Royal Stag 375ml,740.00,775.00,775.00,0.00,8901522001099
Royal Stag 180ml,354.41,415.00,415.00,13.00,8901522002096
Gyan Toree Oil,137.50,150.00,138.75,78.00,Gyan Toree Oil
chupachup lolipop green apple,12.00,15.00,15.00,1.00,8901393020434
Nariwal Hair oil 175ml,152.72,170.00,170.00,7.00,8944000557169
Close Up 150g,78.31,90.00,82.00,2.00,8906073140648
Surf Excel,126.00,145.00,145.00,4.00,8901030814150
Good Day,8.01,10.00,8.75,0.00,8901063092549
Tiger Biscuits,7.69,10.00,8.33,2058.00,8901063155398
Rum Pum Chicken Bhujiya,87.50,100.00,100.00,0.00,9506000022925
Xtraa Soap Cartoon,700.00,710.00,710.00,11.00,na
Besar 185g (A),60.00,100.00,100.00,2.00,9770214637224
Jwano 200g,92.00,120.00,120.00,28.00,jwano 200g
Current cartoon,790.00,800.00,800.00,12.00,current
Besar 200g,68.00,80.00,80.00,8.00,8906057900459
edit,16.45,20.00,20.00,0.00,8901741001436
Spicy Insrant Fish,52.50,65.00,65.00,7.00,9504000347000
Forever Chocolate,270.00,290.00,290.00,0.00,na
Dhaniya 400gm,85.00,110.00,110.00,0.00,Dhaniya
Ajeena 100gm,34.00,45.00,45.00,140.00,Ajena
Mountain Ice,213.33,220.00,214.58,38.00,mauntain ice
"gift chocolate 200g ",340.00,360.00,360.00,2.00,6926719110189
Paneer,120.00,155.00,155.00,12.00,paneer
Koshi King,123.64,130.00,130.00,0.00,koshi king
Miss U,127.81,140.00,135.00,1.00,na
Bansuri,7.78,10.00,8.33,223.00,8901751410778
Fruit Rush,15.33,20.00,16.66,0.00,"Beli Bhujiya "
Fruit Rush Cartoon,460.00,490.00,490.00,0.00,bq
"Butter Cracker ",10.15,15.00,11.66,0.00,`8908007441548
Kit Kat 36.5,43.85,50.00,50.00,10.00,8901058896411
Khukuri Rum (375ml),793.93,839.00,839.00,32.00,8906003470043
Khukuri Rum (180ml),395.24,420.00,420.00,7.00,8906003470050
Khukuri  Rum (750ml),1587.86,1639.00,1639.00,4.00,8906003470029
Seto Teel 200g,80.00,100.00,100.00,39.00,na
Dahi cup 500ml,68.00,75.00,75.00,2.00,cupdali500ml
Fuchhe Rum pum (corton),185.00,200.00,200.00,0.00,fuchhecarton
Chana Ko Dhal,125.00,140.00,140.00,4.00,na
Current meat,21.75,30.00,30.00,3.00,8906078070001
Pasta 400g,31.20,50.00,50.00,7.00,120G
Surya,15.00,30.00,30.00,20.00,6948031301182
Vim Carton,600.00,610.00,610.00,25.00,vim cartoon
Magic Charcoal,55.00,70.00,70.00,25.00,magic charcoal
Oreo 46.6g,22.72,25.00,23.75,0.00,7622201452131
Cream biscuits,6.59,10.00,7.50,83.00,crem biscuits
Mint,175.00,200.00,200.00,17.00,802084136046
Hookah pot,1300.00,1500.00,1500.00,1.00,hoookah
Shikhar Strong,194.16,220.00,208.33,46.00,706502581183
Dabur Chyawanprash 500g,286.57,300.00,300.00,1.00,8901888000682
"Kranti ",2550.00,2550.00,2550.00,0.00,Kranti
Glass Cleaner,90.00,125.00,125.00,8.00,glass cleaner
Lemon Fresh,75.00,110.00,110.00,8.00,lemon Fresh
Glycerine 50ml,38.76,50.00,50.00,3.00,Glycerine
pamacare 25gm,31.00,40.00,35.00,0.00,8906045420303
Petroleum Jelly 50gm,60.00,80.00,80.00,0.00,8906045420310
Vicks 10ml,50.83,70.00,70.00,0.00,10ml Vicks
Vicks 5ml,26.00,40.00,40.00,0.00,5ml
Vicks 25ml,115.00,130.00,130.00,0.00,4987176020383
Vicks 50ml,180.00,200.00,200.00,1.00,4987176028327
Lip Guard,27.08,40.00,30.00,9.00,Lip guard
Mr.Kleen,94.16,125.00,125.00,1.00,9303000011115
Dabur Red Paste 225g,154.53,170.00,170.00,0.00,8901888003973
Urja Surf,11.00,15.00,15.00,23.00,na
Dhaniya Powder 100g,36.00,45.00,45.00,6.00,8906057900503
Mates,514.61,550.00,550.00,18.00,na
Glycerine 100ml,72.00,100.00,100.00,8.00,glycerine
Dairy Milk 130g,181.81,200.00,200.00,2.00,8901233029856
Dhoni Surf,48.75,55.00,55.00,2.00,9505000060029
Dairy Milk Celebration 100,90.91,100.00,100.00,1.00,7622201816278
Dairy Milk Celebration 200,181.81,200.00,200.00,0.00,7622201816292
M-Guard,20.00,25.00,25.00,24.00,8902264049158
Mixed Achar 400gm,115.41,135.00,135.00,23.00,mixed achar
Bp Khaini,8.33,10.00,9.00,643.00,Bp khaini
Ding Dong Muffin,8.02,10.00,10.00,0.00,7983043213787
Wonder Soft Hard Wax red,175.00,190.00,190.00,0.00,na
Wonder Soft hard wax white,135.00,155.00,155.00,0.00,na
Harpic Bathroom Cleaner Lemon,132.36,140.00,140.00,0.00,8901396153306
Harpic Power Plus 10XMAx,124.24,140.00,130.00,20.00,8901396151005
Robin liquid Blue,41.89,50.00,50.00,0.00,8901396023005
Gohnson baby Lotion 50ml,78.56,80.00,80.00,0.00,8901012116838
Gohnson Baby Oil 50ml,78.37,90.00,90.00,1.00,8901012116708
Gohnson Baby Shampoo 50ml,85.71,95.00,95.00,2.00,8901012116913
Stayfree Dry-Max,125.27,140.00,140.00,40.00,8901012166482
Stayfree Secure Extra Large,47.47,55.00,55.00,31.00,8901012166635
Stayfree Secure Soft Cover,40.07,45.00,45.00,30.00,8901012166604
Stayfree Secure Gel-lock,59.21,65.00,65.00,3.00,8901012166406
Kham,0.65,2.50,1.50,599.00,Kham
8848 (180ml),426.47,450.00,450.00,20.00,639738262925
8848 big,1547.08,1730.00,1730.00,0.00,639738262949
123 power soap {Carton},635.00,700.00,700.00,10.00,123 power
Oats 800g,245.00,285.00,285.00,8.00,9878672898771
Marie 50 Bakeland,40.00,50.00,45.00,50.00,8908012378112
Peanut Butter,137.99,150.00,150.00,2.00,peanut Butter
Khukuri Cooking oil,146.25,150.00,150.00,1.00,Khukuri Cooking Oil
Mamy Poko Pants (M),70.18,80.00,75.00,17.00,8903622131072
Dettol Liquid (125ml),88.00,95.00,95.00,5.00,8901396350200
Dettol Liquid (60ml),44.00,50.00,50.00,3.00,8901396350101
Chupa Chups Stawberry,8.54,10.00,8.54,0.00,8901393016628
Chicken Sausage 400gm,274.28,345.00,345.00,25.00,Chicken
Pork Sausage 400gm,259.00,310.00,310.00,26.00,"Pork "
Chicken Sausage 200gm,137.14,175.00,175.00,9.00,745114234698
Pork Sausage 200gm,136.00,160.00,160.00,0.00,pork sausage
Buff Sausage 200gm,121.90,150.00,150.00,22.00,Boff Sausage
2pm Akabare Twigs,14.66,20.00,15.33,152.00,9506000023823
Super Max3,105.00,120.00,120.00,0.00,8904055131820
Close Up 80g,44.00,50.00,46.00,0.00,8906073140631
Close Up 40gm,22.00,25.00,23.00,3.00,8906073140624
Pepsodent 175gm,89.00,100.00,100.00,2.00,8906073140327
Pepsodent Herbal 80g,52.49,60.00,55.00,3.00,8906073140969
Pepsodent Gumcare 80g,53.00,55.00,55.00,0.00,8906073141126
Softy Sanitary 290mm (10),76.92,100.00,90.00,51.00,naa
Honey 100gm,95.45,105.00,105.00,8.00,8901888006110
PROstyle 150gm,90.90,100.00,100.00,0.00,8901888002945
Fena 200gm,20.03,25.00,22.50,83.00,8901190107246
Dabur Amla 90ml,65.44,75.00,70.00,12.00,89006924
Genius Biscuits,40.00,50.00,45.00,47.00,8908012378273
Navratna Oil 100ml,119.28,130.00,130.00,10.00,8901248104159
Navratna Oil 50ml,59.64,65.00,65.00,9.00,8901248104142
Kesh King 100ml,247.27,260.00,260.00,0.00,8901248297110
Kesh King 50ml,116.36,130.00,130.00,10.00,8901248297158
Lactogen 1,660.03,720.00,720.00,0.00,8901058865332
Lactogen 2,627.99,690.00,690.00,3.00,8901058856514
Lactogen 3,611.81,670.00,670.00,3.00,8901058865110
Lactogen 4,586.36,640.00,640.00,2.00,8901058865127
Cerelac Wheat Apple,346.36,380.00,380.00,1.00,8901058867473
Cerelac Wheat Apple cherry,378.18,415.00,415.00,0.00,8901058867510
Cerelac Wheat Rice Mixed Fruit,409.09,430.00,430.00,2.00,8901058891850
"Divya Red ",31.66,40.00,33.00,84.00,dibya Red
Koko Krunch Chocolate,17.85,20.00,20.00,1.00,8901058891379
Koko Krunch Strawberry,17.85,20.00,20.00,0.00,8901058893151
Nescofe 50g,232.72,255.00,255.00,4.00,89006740
Nescafe Classic Small,14.54,20.00,17.00,187.00,89008560
KinderJoy (B),70.00,80.00,80.00,0.00,80135890
Apple Cider,148.33,160.00,160.00,1.00,5740700993534
Dhaniya Powder 200g,64.80,80.00,80.00,8.00,8906057900510
Snickers 50gm,75.90,80.00,80.00,4.00,5000159461122
Vectore Blade,155.67,190.00,190.00,9.00,4902430927192
Vector Plus Razor,84.32,100.00,100.00,6.00,4902430927178
Vector Gillette,86.19,100.00,100.00,3.00,4902430927239
Copy Drawing-50,37.50,50.00,50.00,11.00,drawing
Air Freshner,175.00,230.00,230.00,2.00,na
Nebico Coconut,40.00,50.00,50.00,0.00,8908008772009
Nescafe Classic 25g,113.63,120.00,115.00,9.00,89006733
Power Pocket,70.00,85.00,85.00,4.00,na
Xtraa Soap,29.16,35.00,33.33,54.00,7349971379016
Hit Red,365.50,440.00,440.00,0.00,8901157025194
Sugar free Gold,90.41,100.00,100.00,5.00,8901120143726
Paicho Dhal,215.00,250.00,250.00,3.00,paicho dhal
PaichoTomato Ketchup200gm,72.91,85.00,80.00,6.00,710535562392
Paicho Tomato Ketchup 500gm,156.75,185.00,185.00,12.00,710535562408
Spoon,80.00,100.00,100.00,10.00,Spoon
"Lickables ",81.81,90.00,90.00,0.00,7622201114930
KinderJoy (G),70.00,80.00,80.00,0.00,80768258
Gohnson Baby Powder 100gm,107.14,120.00,120.00,1.00,8901012116562
Gohnson Baby Oil 100ml,164.29,180.00,180.00,1.00,8901012116715
Mamy Poko Pants  (FL) 44,959.04,1000.00,1000.00,3.00,8903622000934
Mamy Poko Pants (FS) 58,959.04,1000.00,1000.00,2.00,8903622000811
Mamy Poko Pants (FM) 46,959.03,1000.00,1000.00,1.00,8903622001801
Oral-B Neem 1.2.3,22.12,35.00,30.00,7.00,4902430796224
Copy Rough  50,37.50,50.00,45.00,23.00,na
Protractor,7.50,10.00,10.00,26.00,na
Chowmin Masala,43.00,50.00,50.00,1.00,8906057900633
Kashmiri Mirch 50g,43.00,55.00,55.00,17.00,8906057900169
kitkat 18g,26.31,30.00,30.00,0.00,89005637
Gohnson Baby Shampoo 100ml,139.76,155.00,155.00,1.00,8901012116920
Happydent JAr,395.00,410.00,410.00,4.00,8901393020465
Paicho Mixed Jam,148.25,175.00,175.00,12.00,710535562620
Nestle Bar one 22g,35.08,40.00,40.00,6.00,8901058896725
Eerfun 10,8.00,10.00,10.00,80.00,na
Maggi Masala,9.09,10.00,10.00,0.00,8901058868845
EverFun  chocolate 50 Purple,37.50,50.00,40.00,86.00,8908011511534
Aaha cartoon,690.00,720.00,720.00,1.00,aaha cartoon
Goyal Jeera,1600.00,1650.00,1650.00,0.00,goyal jeera
Bal Bhojan,180.00,200.00,200.00,5.00,NRP.250/-
Clean & Clear Foaming Face Wash,92.31,105.00,105.00,0.00,8901012189177
Clean & Clear Foaming 100ml,171.43,190.00,190.00,0.00,8901012189184
Clean & Clear Apple 50ml,98.90,110.00,110.00,2.00,8901012188088
Clean & Clear Berry 50ml,98.90,110.00,10.00,2.00,8901012188057
Clean & Clear Lemon,105.49,120.00,120.00,0.00,8901012189382
"Gift Care Collection ",328.57,350.00,350.00,0.00,8901012191262
"Gift  Care Collection ",871.43,950.00,950.00,3.00,8901012191279
Nail Polish,24.16,40.00,40.00,0.00,Nail Polish
Pantene Conditioner silk&smooth,286.68,350.00,350.00,4.00,4902430401029
Head & Shoulders Smooth & Silky 650ml,574.18,600.00,600.00,2.00,4902430345521
Tokla Masala Pouch  200gm,116.20,140.00,140.00,1.00,8908002900941
Treat Orange,3.67,5.00,3.75,332.00,9505000020993
Pantene Anti Dandruff,137.00,150.00,150.00,0.00,4902430899260
Pantene Silky smooth care,137.00,150.00,150.00,0.00,4902430899215
Pantene Hairfall Control,137.00,150.00,150.00,0.00,4902430899192
winner carton,660.00,680.00,680.00,7.00,winner
Ninja Dishwash Bar 55,41.77,55.00,55.00,10.00,ninja dishwas
Winner 200g,27.50,35.00,33.33,9.00,winner 200g
Dalmote 50 (Trital),40.00,50.00,45.00,1.00,tirtal dalmote
Chat Paper 10,7.00,10.00,10.00,65.00,chat paper
Chat Paper 5,3.60,5.00,5.00,141.00,chat paper
Compass,15.00,20.00,20.00,8.00,compass
X one geometry,80.00,100.00,100.00,5.00,xone
Nariwal Hair Oil 90ml,74.17,85.00,85.00,6.00,8944000557138
Mamy Poko Pants (XXL),164.57,180.00,180.00,0.00,8903622001115
Buff Sausage 400gm,236.19,290.00,290.00,20.00,buff sausage
Buff Meat Pickle 105gm,127.00,140.00,140.00,0.00,buff meat
Buff Meat Pickle 150gm,178.50,200.00,200.00,0.00,buff meat pickle
Hasina Harpic Power Plus 750ml,90.00,130.00,130.00,0.00,na
Sainik khaini,9.58,15.00,12.50,195.00,sainik
Rumpum Biscuits,7.91,10.00,8.33,187.00,9505000020511
Top 10,7.91,10.00,8.25,66.00,9505000020573
Coldrub 5ml,17.50,25.00,25.00,15.00,na
Digestive 20,16.16,20.00,17.00,64.00,8908012378020
Chat Masala (A),30.00,50.00,45.00,0.00,chatmasala
Choker,48.00,50.00,50.00,236.00,choker
Mubarak jeera,1650.00,1700.00,1700.00,3.00,krishnavog
Robin Liquid 150ml,79.22,95.00,95.00,10.00,8901396024002
Belly Dalmote 500g,100.00,110.00,110.00,0.00,RS120C
Puja Surf 500g,30.00,40.00,40.00,3.00,puja surf 500g
Maggi Hot Sweet  Sauce 500g,222.72,245.00,245.00,1.00,8901058117783
Real Apple,223.00,240.00,235.00,10.00,8901888007353
Real Activ Apple Juice,236.36,260.00,245.00,0.00,8901888005366
Real Mixed Fruit,232.00,250.00,245.00,5.00,8901888040350
Real Active Mixed Fruit,246.00,260.00,260.00,6.00,8901888005410
Clinic Plus,1.45,2.00,1.87,485.00,8906073140334
Tokla Pouch 50gm,27.70,35.00,29.00,4.00,8908002900057
Tokla Gold Pouch 200gm,113.68,135.00,135.00,0.00,tokla gold pouch
Mix Masala 100g(M),37.00,50.00,50.00,29.00,na
Tokla Tea 1kg,581.08,650.00,650.00,2.00,8908002900279
Tokla Tea Rich,207.75,320.00,320.00,0.00,8908002900118
Tokla Gold Premium 500gm,284.29,330.00,330.00,0.00,8908002900255
Belly Bhujiya 500g,100.00,120.00,120.00,0.00,RS120B
Mamy Poko Pants (L) 12,267.43,280.00,275.00,0.00,8903622037336
Jordan Eco,68.00,100.00,100.00,20.00,jordann eco
Paicho  Aachar,115.33,135.00,135.00,16.00,na
Odonil,54.54,70.00,70.00,22.00,8901207029882
Hajmola,215.00,225.00,225.00,11.00,8901888004222
Cuting chips 400g,28.50,40.00,40.00,7.00,111G
Rasilo,91.25,100.00,100.00,4.00,8902434111654
Coldrub 10ml,32.50,50.00,50.00,4.00,na
Coldrub 25ml,80.00,100.00,100.00,6.00,12111070
Dairy Milk 6.6g,9.09,10.00,10.00,101.00,8901233030517
Bharat Darshan16g,15.98,20.00,20.00,27.00,813923001609
Bharat Darshan,80.92,95.00,95.00,3.00,813923000572
KitKat Party Pack,105.25,120.00,120.00,2.00,8901058868067
Raato Dal Upakar,145.00,155.00,155.00,9.00,na
ChupaChup Cola F,8.54,10.00,10.00,53.00,8901393019377
Chupa Chup Mango,8.54,10.00,10.00,50.00,8901393016635
Cafetto Espresso,84.99,100.00,100.00,1.00,8906039951202
Derby Tropic,84.99,100.00,100.00,1.00,8906039951448
Milkshake,60.87,70.00,70.00,0.00,milkshake
Copy-80,60.00,80.00,75.00,4.00,na
Urja Soap 150g,16.45,20.00,17.08,4.00,na
Urja Soap 300gm,33.20,35.00,33.54,0.00,na
Thuppa 300g,25.00,30.00,26.00,12.00,thuppa 300g
Ninja Beer,110.00,110.00,110.00,0.00,745178393331
Upakar Kaju 80g,125.00,145.00,145.00,3.00,8908011511176
123 Power soap,26.45,35.00,33.33,16.00,na
kaju 200g,280.00,300.00,300.00,0.00,cheeseball
Coco Crunch 50,40.00,50.00,45.00,69.00,8908012378082
Okhati papaya Soap,45.00,65.00,60.00,0.00,A774503A
Hair Serum 100ml,255.00,280.00,280.00,3.00,8906045420860
Rose Water 50ml,101.00,120.00,120.00,0.00,8906045421256
Rose Water b130ml,71.00,85.00,85.00,1.00,8906045421249
Rose Water 65ml,38.00,45.00,45.00,0.00,8906045421492
Dishking 750ml,210.00,240.00,240.00,3.00,8906045421362
Dishking 500ml,146.62,170.00,170.00,5.00,8906045421300
Dish king 250ml,76.00,90.00,90.00,3.00,8906045421355
deep Cleansing Milk 500ml,369.00,440.00,440.00,3.00,8906045421232
Deep Cleansing 200ml,181.50,215.00,215.00,1.00,8906045421225
Deep Cleansing 100ml,111.50,135.00,135.00,0.00,8906045421218
Almond Splash 200ml,168.00,200.00,200.00,0.00,8906045420426
Almodnd Splash 100ml,87.00,105.00,105.00,0.00,8906045420419
Almond Hair Oil 50ml,53.81,60.00,60.00,4.00,na
Hair gel,125.00,150.00,150.00,0.00,8906045421126
Papaya Soap 75gm,60.50,75.00,75.00,2.00,8906045421409
Cool Soap,60.50,75.00,75.00,5.00,8906045421423
"Cool Wipes ",42.00,50.00,45.00,5.00,A6785625631671A
Refreshing Wipes,26.00,30.00,30.00,26.00,6785625631559
Coco Crunch,16.25,20.00,18.33,7.00,8908012378075
Baby Brush,37.50,50.00,50.00,48.00,8901314116123
Classic Clean,29.09,40.00,40.00,1.00,8906045420150
Chupachups Lollipop cola,12.08,15.00,15.00,1.00,8901393020427
Cold Coffee,61.81,70.00,70.00,15.00,8901058898354
Coca Cola 1lt,87.50,100.00,91.66,30.00,8901058870589
Goodlife-G,7.74,10.00,8.33,1054.00,9505000022003
Koko Krunch 350gm,267.85,290.00,290.00,1.00,8901058870008
Nail Polish Remover,48.00,60.00,60.00,1.00,na
Himalayan Baby Powder 50gm,52.00,60.00,60.00,2.00,8901138715069
Himalayan Baby Cream 50ml,112.00,120.00,120.00,0.00,8901138511487
PamaCare Lemon And Mandarin,127.00,150.00,150.00,0.00,8906045421065
Pamacare TeaTree And GreenApple,127.00,150.00,150.00,0.00,8906045421089
PamaCare Lavender And WaterLilly,127.00,150.00,150.00,0.00,8906045421072
Pamacare Soft Cleanser Facewash,160.00,190.00,190.00,0.00,8906045420945
Baby Gift Set,740.00,800.00,800.00,0.00,8901138513207
Himalayan Prickly Heat,119.00,125.00,125.00,0.00,8901138831561
Imli Bomb Jar,195.00,205.00,205.00,8.00,imlibomjar
Current Mix Masala 40g,16.80,20.00,18.00,31.00,8906078070353
Tokla Pouch 100gm,55.40,60.00,60.00,0.00,8908002900071
Kitkat dessert blue,105.26,120.00,120.00,1.00,8901058898798
Copy 4line -30,22.50,30.00,30.00,28.00,na
Scale 30cm,15.00,20.00,20.00,20.00,8901324002263
Octa Guard,30.00,40.00,32.00,4.00,8901157123036
Baygon,372.27,450.00,450.00,2.00,8850175067337
"Hit Black ",366.00,440.00,440.00,9.00,8901157025170
Colgate 200g,122.75,135.00,130.00,20.00,8901314305602
"Rich Creme ",35.00,50.00,50.00,18.00,8901023019876
Soya Sauce 350g Century,40.00,50.00,45.00,21.00,8906057903252
Zing Hot&Spicy,15.48,20.00,16.66,149.00,8901741001597
Kurmure 5,4.00,5.00,4.16,176.00,8906057901395
khukuri churot {Peti},1966.80,1995.00,1995.00,5.00,khukurichurotpeti
Icecream 50ml vanilla-20,15.00,20.00,20.00,29.00,edit
Surya Churot,287.63,295.00,290.00,1.00,na
Icecream corneto k/P-80,60.00,80.00,80.00,18.00,vanilla 100ml
Chocofun Jar,447.91,460.00,460.00,0.00,chocofun jar
Bhujiya Trital (35),28.00,35.00,30.00,19.00,na
Icecream Chocobar 50,37.50,50.00,50.00,22.00,na
Lasun (Chinese),222.80,280.00,250.00,13.70,na
Icecream 500ml Vanilla-130,97.50,130.00,130.00,0.00,na
Icecream B/s 500ml-150,112.50,150.00,150.00,0.00,na
Icecream Mangobar-15,11.25,15.00,15.00,65.00,mangobar
Icecream Milkybar-25,18.75,25.00,25.00,38.00,na
Icecream Cannoto-70,52.50,70.00,70.00,0.00,cannoto
Marker Black,28.00,35.00,35.00,14.00,8906073772696
Marker Blue,23.00,35.00,35.00,0.00,6932637708896
Kwiks Potato 10,8.51,10.00,9.00,0.00,8901741020314
"Treat Milk ",3.67,5.00,3.75,164.00,9505000020979
Gohnson Baby Soap 75g,77.14,85.00,85.00,1.00,8901012116647
Gohnson Baby Soap 100g,100.04,110.00,110.00,5.00,8901012116654
Xtreme Energy Drink,81.15,100.00,85.41,388.00,9701546220006
Mahima Chiura 1kg,92.00,100.00,100.00,0.00,9878672892799
Coca cola 250ml,36.31,40.00,40.00,0.00,na
Rasgulla,263.64,280.00,280.00,0.00,8901242508809
Darshan Super 4,24.00,30.00,30.00,0.00,8902264049134
Mr.White,46.08,55.00,55.00,1.00,8902102126775
8848 (375ml),773.54,840.00,840.00,1.00,635648156507
Potato Cracker 40,33.00,40.00,40.00,54.00,na
Copy Drawing 20,13.75,20.00,20.00,13.00,na
Vimbar 500gm,68.00,80.00,72.00,82.00,8906073140884
Pepsodent 40g,22.50,25.00,25.00,4.00,8906073140303
Pepsodent 80g,49.00,55.00,50.00,0.00,8906073140310
Momo Masala 50gM,38.00,50.00,45.00,42.00,momomm
Royal Hunt Gold,323.00,340.00,340.00,1.00,na
Golden Silk Road,720.00,760.00,760.00,0.00,na
Un-Me Rings,33.00,40.00,40.00,20.00,na
Meat Masala MDH,110.09,130.00,130.00,5.00,8902167000140
Exo Bar 95g,7.79,10.00,8.33,31.00,8902102160472
Exo Safal Steel Jhus,12.82,30.00,25.00,34.00,8902102198833
Dettol Intense Cool,1.00,50.00,50.00,0.00,8901396388593
Glocon D  Reg,158.20,175.00,175.00,1.00,8901542011702
Glucon D Org,227.27,250.00,250.00,1.00,8901542013010
"Glucon D Lemon ",227.27,250.00,250.00,0.00,8901542013140
Coleto chocolete,460.00,500.00,500.00,2.00,coleto
Fair N Handsome,109.10,120.00,120.00,0.00,8901248253109
3X Spicy,135.00,150.00,140.00,0.00,8801073114548
Kimchi  noodles,130.00,140.00,135.00,0.00,8801043054768
Shin Ramyun,90.00,120.00,110.00,0.00,8801043150620
Hot Chicken Ramen,135.00,150.00,150.00,0.00,8801073110502
Dew 250ml,28.65,40.00,37.08,2.00,8902080000142
Newtela 200gm,32.00,40.00,40.00,1.00,101A
Harpic Floral,129.45,150.00,150.00,0.00,8901396174301
Harpic White&Shine Bleach,129.45,150.00,150.00,1.00,8901396153009
Mortein 45ml,119.49,150.00,150.00,2.00,8901396523505
Mortein 35ml,83.24,100.00,100.00,4.00,8901396513216
Besan 170g,28.00,35.00,35.00,17.00,besan 170g
Plates no 9,55.00,60.00,60.00,0.00,Plade no 9
Meat Masala 50gm(M),38.00,50.00,50.00,31.00,na
Meat Masala 25g(M),22.50,30.00,30.00,70.00,na
Mask (Baby Box),225.00,225.00,225.00,11.50,mask baby
Mask (Baby ),4.50,10.00,10.00,1260.00,mask baby
Pamacare Liquid Spray,67.14,80.00,80.00,0.00,8906045421294
Vinegar 300ml,31.00,40.00,40.00,16.00,8906057902996
Nestle Gold Crunchy,294.64,310.00,310.00,4.00,8901058897074
Sabji Masala 50gm,39.00,50.00,50.00,23.00,8906057900305
Ariel 1kg,329.85,340.00,335.00,3.00,4902430294140
All Out Ultra,94.25,115.00,115.00,8.00,8906006430419
All Out Power Protection,102.11,125.00,125.00,4.00,8906006435773
Head & Shoulders 180ml,190.84,220.00,220.00,3.00,4902430774208
Pampers,54.85,75.00,75.00,47.00,4902430813969
Tide surf 500gm,87.07,100.00,100.00,7.00,4902430299190
Methi 50g,12.00,20.00,20.00,196.00,methi 50g
Icecream Vanilla 100ml-40,33.75,40.00,40.00,7.00,na
Icecream Cranch - 60,45.00,60.00,60.00,31.00,na
Icecream K/P 500ml,135.00,180.00,130.00,0.00,na
Icecream 100ml BS - 40,33.75,45.00,45.00,0.00,na
Sona Special 50,50.00,55.00,51.00,450.00,na
Dettol Handwash 250ml,143.99,160.00,160.00,0.00,8901396387183
Chik Hand Sanitizer,67.19,80.00,80.00,11.00,8902979055048
Chick Hand Sanitizer 50ml,33.59,45.00,45.00,3.00,8902979055031
Suraj Papad 200g,75.00,80.00,80.00,55.00,7610122339013
Vinegar Powder 200gm,50.00,60.00,60.00,0.00,vinegar powder
Tokla Masala Tea 500gm,290.50,330.00,330.00,0.00,8908002900927
Mingle Tape,43.00,60.00,60.00,4.00,na
Tokla Tea 200gm,110.79,130.00,120.00,0.00,naa
Mad Angles Gama 17gm,8.16,10.00,10.00,24.00,madangke
Dairy Milk Silk Bubbly,136.36,150.00,150.00,3.00,7622201505349
Dairy Milk Silk Roast Almond,145.45,150.00,150.00,0.00,7622201452735
Dairy Milk Fruit&Nu,145.45,150.00,150.00,0.00,7622201452674
2tukrey khudi Jeera,37.00,40.00,38.00,1936.05,edit
Pran Pineapple,175.00,200.00,200.00,0.00,831730000264
Mango Tart,75.00,100.00,80.00,0.00,mango tart
edit,1750.00,1750.00,1750.00,0.00,2tukrekhudi50kg
Upakar Aata,101.77,120.00,120.00,18.00,na
cheese balls century,3.50,5.00,3.83,0.00,8906057901845
Pestachio,150.00,165.00,165.00,0.00,na
Complan,427.27,470.00,470.00,2.00,8901542001932
Rasna Mango,160.36,180.00,180.00,0.00,8901848000752
Rasna Mango 1kg,427.27,470.00,470.00,0.00,6825680408298
Kurmure 20,15.50,20.00,15.83,0.00,`8906057901401
Label 750ml,938.66,999.00,999.00,5.00,1234567891231
Aaha 35,28.75,35.00,33.33,0.00,na
Appe,16.87,25.00,17.50,412.00,8906069693714
Kranti 25kg,1250.00,1300.00,1300.00,19.00,na
Pran Mixed Fruit,180.00,200.00,200.00,1.00,831730000707
GoodLife (F),50.50,55.00,55.00,0.00,9505000021754
Dew 1.5 carton,1526.40,1650.00,1650.00,0.00,dew1.5carton
Real Activ Fiber+,246.00,270.00,270.00,9.00,8901888005427
Maggi Tomato Ketchup 200g,118.18,130.00,130.00,4.00,89000670
Copy Math 50,37.50,50.00,45.00,7.00,na
Chicken Masala 25g(M),22.50,30.00,30.00,80.00,na
Fnger chips 400g,26.50,40.00,40.00,4.00,fingerchips400g
Finger chips 400g,28.00,40.00,40.00,1.00,Fingerchips400g
Ghee 500g,407.00,500.00,500.00,0.00,Ghee 500g
Trital Bhujiya 5,3.37,5.00,3.75,24.00,na
Trital Dalmote 10,5.83,10.00,7.50,35.00,na
Dabour Chyawanprash 250g,145.45,170.00,160.00,4.00,8901888000699
Honey 250g,190.90,210.00,210.00,12.00,8901888035363
Suraj Papad 400g,140.00,160.00,160.00,0.00,8906039862058
Mehendi,9.16,15.00,15.00,48.00,8906015580495
Chiura Churum Churum Hilife 500gm,49.58,60.00,60.00,33.00,9878672898791
Nariwal Hair Oil 45ml,39.27,45.00,45.00,8.00,8944000557121
Biryani Masala 50g,54.80,65.00,65.00,14.00,8906057900008
Jeera Powder 200g,119.40,145.00,145.00,23.00,8906057900572
Jeera Powder 100g,60.30,75.00,75.00,40.00,8906057900565
Lays Green,40.00,45.00,42.50,30.00,8901491101813
KurKure,44.00,50.00,45.00,54.00,8901491100519
Patanjali surf,89.29,100.00,100.00,1.00,8906080240928
Choco Loco Biscuits,7.81,10.00,8.33,295.00,9505000022072
Upakar Sunflower,630.00,650.00,650.00,0.00,8680157271588
Upakar Tasty,7.81,10.00,8.33,0.00,na
"2pm ",36.19,45.00,40.00,0.00,9506000024196
Khursani Dry 50g,17.11,30.00,30.00,0.00,RS.30 E
Nestle classic,17.50,20.00,20.00,23.00,89006511
Kishan  50kg,2300.00,2400.00,2400.00,60.50,Kishan50kg
Hardgel Harpic,90.00,125.00,125.00,1.00,6507979228861
Ramro Eggless Cake,125.00,140.00,140.00,2.00,7983047883627
Ramro Royal Fruit Cake,97.91,110.00,110.00,0.00,na
Ramro Sugar Free Rusk,114.21,125.00,125.00,7.00,7983043839499
Ramro Royal Fruit Cake,88.12,100.00,100.00,4.00,7983047204125
Ramro Chocolate Cake,88.12,100.00,100.00,4.00,7983043211660
Ramro Sugar Free Cake,175.93,200.00,200.00,6.00,7983043210984
DingDong Chocolate Cake,25.50,30.00,30.00,0.00,798304321784
DingDong Fruit Cake,25.50,30.00,30.00,0.00,798304321159
MacCoffee 200g,853.01,900.00,900.00,5.00,8887290129992
MacCoffee 100g,530.01,575.00,575.00,1.00,8887290130028
MacCoffee Pouch 25g,82.99,100.00,100.00,23.00,8887290146272
Virgin 750ml,860.00,900.00,900.00,7.00,797776183227
Virgin 375ml,417.50,440.00,440.00,0.00,797776183203
"Toree Oil Upakar ",325.00,360.00,360.00,0.00,toree oil upakar
Icecream Chocolate,18.75,25.00,25.00,30.00,na
IceCream ButterScotch,33.75,45.00,45.00,0.00,na
Dalmote 400g,80.00,100.00,100.00,4.00,RS.100 A
Bhujiya 400g,80.00,100.00,100.00,0.00,RS.100 B
Mamy Poko Pants NB,68.57,80.00,80.00,0.00,8903622032959
Gems Ball,81.81,90.00,90.00,1.00,7622201808549
Tokla Gold Pouch 1kg,569.00,650.00,650.00,2.00,8908002900279
Tokla Gold Pouch 500g,284.50,330.00,330.00,0.00,8908002900255
Gulab Jamun,263.64,280.00,280.00,0.00,8901242509103
Pyaj (Onion),51.00,60.00,60.00,112.50,pyaj
Tomato Ketchup 200g Century,56.00,70.00,70.00,23.00,8906057903054
Methi 500gm,95.00,120.00,120.00,0.00,na
Upakar Jeera Dhulo 100gm,50.00,65.00,65.00,0.00,9304585544258
Upakar 5kg,750.00,850.00,850.00,0.00,upakar 5kg
Shikhar Long Grain,110.00,130.00,115.00,209.50,upakar longgrain
Upkar Tea 100g,50.00,60.00,60.00,9.00,upkar tea 100g
Upkar Tea 50g,21.68,35.00,35.00,34.00,8908011404072
Upkar Tea 200g,100.00,130.00,130.00,0.00,8908011404461
Upkar Tea 14g,7.00,10.00,8.00,16.00,8908011404089
Preeti Noodles,15.38,20.00,16.66,71.00,9506000024264
Chana Jor,13.83,15.00,15.00,575.00,9506000024301
Patanjali Cartoon,962.19,1000.00,1000.00,0.00,na
Preeti Noodles Cartoon,461.40,470.00,470.00,2.00,preti noodles
Kleen Dish Wash,41.66,50.00,50.00,33.00,na
Smart Baby Big,120.00,150.00,150.00,8.00,6971233886027
Smart Baby Small,105.00,120.00,120.00,6.00,6971233886010
Nescafe with Mug,449.99,495.00,495.00,0.00,8901058822588
Gyan Chakki Aata 1kg,65.00,75.00,75.00,4.00,kholeko xaina
T-20 Noodles,16.08,20.00,16.66,82.00,8908012361510
U-n-Me 10,8.08,10.00,8.33,107.00,unme10
Dhobi Soap Cartoon,680.00,700.00,700.00,8.00,dhobi cartoon
"Ktm Rice ",1450.00,1500.00,1500.00,38.00,ktm rice
Choice Cooking Oil,106.25,110.00,110.00,0.00,Choice Cooking Oil
"Tea Maasala ",73.50,90.00,90.00,6.00,Tea Masala
Suji Toast,43.33,50.00,50.00,0.00,Suji Toast
"Divya White ",31.66,40.00,33.00,57.00,dibya white
Alpenliebe milky,8.54,10.00,9.00,126.00,8901393024081
chupachup lolipop cherry,12.00,15.00,15.00,1.00,8901393020403
"Jackfruit Picle ",51.00,60.00,60.00,0.00,2050
Mango Picle,51.00,60.00,60.00,1.00,2057
Upakar Bhuja,45.00,55.00,55.00,0.00,na
Roasted Vermicelli,18.18,20.00,20.00,7.00,8901242185208
Chicken Masala 50gm,38.00,50.00,50.00,40.00,na
Choco Kiddo Jar,335.00,360.00,360.00,0.00,9505000050686
Choco Kiddo,3.72,5.00,5.00,1.00,9505000021167
Center Bomb,195.00,220.00,220.00,35.00,9505000022027
Chatak Candy,150.00,160.00,160.00,13.00,9505000050679
Chocolate Pouch (gl),67.50,75.00,75.00,199.00,chocolate pouch
Hunny Bunny Chocolate,120.93,140.00,140.00,14.00,9505000021662
Commando Beer,200.00,200.00,200.00,36.00,745178393447
Commando Beer Cartoon,2575.00,2600.00,2600.00,5.00,commando beer
Ninja Beer Cartoon,3050.00,3100.00,3100.00,0.00,ninja cartoon
"Coco Pop ",283.33,300.00,300.00,10.00,9505000021815
Mr Lamboo,7.83,10.00,8.33,93.00,9505000021808
Top 10 Cartoon,760.00,780.00,780.00,0.00,top 10 cartoon
Thuppa 500g,42.50,50.00,45.00,13.00,thuppa 500g
Thuppa 900g,75.83,90.00,80.00,0.00,thuppa 900gm
Radish Pickle,115.00,135.00,135.00,5.00,9025
Kashmiri Mirch(M),34.00,50.00,50.00,13.00,na
PaniPuri Masala50g(M),34.00,45.00,45.00,2.00,na
Bourbon Biscuits 160g,34.16,40.00,40.00,38.00,9505000020504
Garam Masala 50g(M),46.50,65.00,65.00,14.00,na
Puja Surf 1kg,62.50,90.00,90.00,1.00,puja surf 1kg
Rumpum Juice,15.83,20.00,16.66,2.00,9505000021891
Digestive (F),40.00,50.00,50.00,65.00,9505000021112
Bikash Dalmote 10 ko,6.25,10.00,7.50,88.00,bikash
Lion Surf 200g,12.00,20.00,15.00,0.00,8908011732090
"Treat Chocolate ",3.67,5.00,3.75,70.00,9505000020986
Treat Strawberry,3.67,5.00,3.75,270.00,9505000021013
"Wai Wai Chicken Bhujiya ",90.00,100.00,100.00,1.00,"wai wai chicken bhujiya "
Nescafe All in 1,14.54,20.00,20.00,0.00,89005750
Cream Biscuits Cartoon,475.00,490.00,490.00,0.00,cream biscuits cartooon
Digestive GoodLife,12.75,15.00,13.33,55.00,9505000020429
Napkings,13.26,20.00,20.00,61.00,napkings
Besan 500g,70.00,100.00,100.00,0.00,na
Methi 40g,8.00,10.00,10.00,0.00,na
Zandu Green,59.65,75.00,75.00,17.00,8901248701105
Zandu Red,68.45,85.00,85.00,12.00,8901248701129
Boro Plus 19ml,58.00,65.00,65.00,12.00,8901248101103
Boro Plus 40ml,109.00,120.00,120.00,15.00,8901248101110
Moms And Baby Wipes,90.00,110.00,110.00,10.00,na
Warmth Series Water Bag,280.00,375.00,375.00,1.00,6940915300007
Century Bhujiya,7.50,10.00,10.00,66.00,8906057903559
Besar 500g,167.50,190.00,190.00,0.00,8906057900466
Power Active Liquid VApouriser,117.00,135.00,135.00,9.00,8901157001136
Power Active+,99.00,115.00,115.00,9.00,8901157001143
Paneer Masala,41.00,50.00,50.00,14.00,8906057901821
Meat Masala 100g,88.00,100.00,95.00,28.00,8906057900237
Aata 5kg,265.00,340.00,340.00,0.00,na
Trital Bhujiya 10,5.83,10.00,7.50,60.00,na
Gohnsons Baby Shampoo  200ml,257.14,285.00,285.00,2.00,8901012116937
Jasmine 90ml,68.18,75.00,75.00,2.00,8901088049443
Jasmine 45ml,36.36,40.00,40.00,4.00,na
Sona Special 25,1250.00,1300.00,1300.00,9.00,naa
sugar Free Juice (gl),20.00,25.00,20.66,30.00,9505000060067
Ice Pop,15.00,20.00,16.66,117.00,ice pop
"Atm Badam Drink ",66.66,80.00,80.00,25.00,atm badam drink
Rumpum Juice Cartoon,475.00,495.00,495.00,0.00,"rumpum juice "
Gillette 24,30.25,40.00,40.00,3.00,4987176041081
Oral-B30B,23.06,30.00,30.00,20.00,4902430345019
Dant Kanti 200g,113.63,125.00,125.00,51.00,8906080240461
Dant Kanti 100g,63.64,70.00,70.00,49.00,8906080240447
Oral-B Neem A,25.00,35.00,35.00,18.00,4902430853002
Oral-B Cavity Defense,22.12,35.00,35.00,27.00,4902430345286
Oral-B Shiny Clean B,23.06,30.00,30.00,17.00,4902430874717
Oral-B Neem 123B,23.96,30.00,30.00,6.00,4902430804592
Oral-B Crisscross,74.64,80.00,80.00,12.00,4902430872218
Oral-B Shiny Clean C,20.00,25.00,25.00,12.00,4902430874526
Oral-B Crisscross C,80.00,90.00,90.00,1.00,4902430783217
Highlander 750ml,891.66,930.00,930.00,12.00,797776183234
Highlander 375ml,445.83,470.00,470.00,23.00,na
Highlander 180ml,222.91,240.00,240.00,58.00,na
Emperor 180ml,236.88,260.00,260.00,13.00,emperor 180ml
Emperor 375ml,473.75,490.00,490.00,0.00,emperor 375ml
Emperor 750ml,947.50,980.00,980.00,12.00,emperor 750ml
Emperor 24 Carat 750ml,1190.00,1230.00,1230.00,7.00,797776183197
Emperor 24 Carat 375ml,595.00,630.00,630.00,11.00,emperor 24 carat 375ml
Emporor 24 Carat 180ml,297.50,330.00,330.00,8.00,emperor 24 carat 180ml
Puja Soap,33.33,35.00,34.16,33.00,8908011732076
Lion Herbal,14.02,20.00,16.66,4.00,8902129201516
Lion Detergent,6.52,10.00,10.00,59.00,8908011732106
BPJ,9.16,15.00,12.50,99.00,ma
BPJ Packet,110.00,120.00,120.00,4.00,na
Cheese Balls Rara,7.50,10.00,8.33,30.00,8908002377057
"Rara ",16.33,20.00,16.66,4.00,8908002377057
Rara Cartoon,490.00,500.00,500.00,0.00,Rara white cartoon
Everfun Chocolate Fruit&Nut 50,37.50,50.00,50.00,50.00,8908011511541
Litch Juice Gl,13.33,15.00,15.00,97.00,9505000021457
Cheeseball Gama,8.16,10.00,10.00,15.00,cheeseballgama
Potato Cracker Gama 12gm,8.16,10.00,10.00,38.00,8902902011684
Namkin Gama,8.16,10.00,10.00,97.00,749955
Mad Angles Gama 32gm,15.83,20.00,20.00,110.00,na
Potato Cracker Gama 22gm,15.83,20.00,20.00,109.00,potatocrakergama
Panipuri 500g,85.00,95.00,95.00,18.00,109G
Mad Angles Gama 70gm,31.66,40.00,40.00,57.00,na
Gama's chips 50gm,31.66,40.00,40.00,111.00,9852048510253
White Rose Panmara,2400.00,2500.00,2500.00,1.00,white rose
Sugar Free Cracker Goodlife,40.41,50.00,50.00,3.00,9505000021655
Butter Cracker Goodlife,7.96,10.00,8.33,18.00,9505000020054
Digestive Goodlife FL,86.25,100.00,100.00,0.00,9505000021570
"Lays Red ",40.00,45.00,42.50,26.00,8901491101820
Choice Cartoon,2125.00,2140.00,2140.00,0.00,Choice Cartoon
Nescafe with Mug&Spoon,829.09,900.00,900.00,0.00,8901058872668
Koko Krunch Choco Burst,17.85,20.00,20.00,5.00,8901058893144
Chiura Hilife,52.00,65.00,65.00,2.00,9878672898792
CornFlakes Mahima,118.00,145.00,145.00,13.00,na
Gohnson Baby Lotion 100ml,142.85,160.00,160.00,1.00,8901012116845
Aloo White,17.55,25.00,25.00,0.00,Aloo white
Lays Blue,40.00,45.00,42.50,14.00,8901491101844
EverFun MilkyBAr,80.00,100.00,100.00,5.00,8908011511602
EverFun Milkchocolate,80.00,100.00,100.00,5.00,8908011511596
EverFun DarkChocolate 50,37.50,50.00,50.00,9.00,8908011511527
Old Durbar Black,739.75,799.00,799.00,22.00,635648156620
Old Durbar White,557.93,599.00,599.00,23.00,639738262932
Copy 4line- 50,37.50,50.00,50.00,34.00,na
MacCoffee Pouch 50g,165.99,190.00,190.00,1.00,8887290130080
Veet Normal Skin,109.09,120.00,120.00,1.00,8901396387237
Veet Dry Skin,109.09,120.00,120.00,1.00,8901396387251
Fa Mystic Moments,133.99,145.00,145.00,1.00,6281031243534
Kishan Panmara,2950.00,3050.00,3050.00,7.00,na
Daawat Panmara Mansuli,3000.00,3050.00,3050.00,16.00,na
Chicken Soup NPF,64.19,80.00,80.00,32.00,9504000352004
OCB slim,93.75,120.00,120.00,31.00,3057067336327
"Plastic Glass Roll ",71.53,80.00,80.00,7.00,plastic glass roll
"Hulas Chiura Pycket ",75.00,80.00,80.00,7.00,hulas chiura pycket
Garam Masala 10,7.29,10.00,10.00,73.00,garam masala 10
Colgate MaxFresh 46g,22.75,25.00,25.00,22.00,8901314563224
Colgate Glow Dark,135.33,150.00,150.00,12.00,8901314022660
Zig-Zag Brush,35.00,45.00,45.00,45.00,8901314526502
Sensitive+,123.50,155.00,155.00,12.00,8901314308177
Cibaca 1,19.58,25.00,25.00,1.00,8901314088031
Super Flexi,23.33,30.00,30.00,42.00,8901314200044
Basudev,1400.00,1450.00,1450.00,0.00,na
Family Tost,88.75,100.00,100.00,2.00,831730003104
Mass Dal,170.00,180.00,180.00,15.50,na
Wonder Kids,43.95,60.00,45.83,61.00,841165118328
EverFun Celebration,360.00,400.00,400.00,4.00,na
EverFun MilkyBar 20,16.00,20.00,20.00,4.00,8908011511411
EverFun Milk Chocolate 10,8.00,10.00,10.00,0.00,na
Marie Upakar,6.78,10.00,8.33,807.00,na
Gurkha&Guns,2526.66,2850.00,2850.00,2.00,725257530703
Chiura Kurum Kurm Hilife 700g,60.83,80.00,80.00,8.00,9878672898773
Chia Seeds,215.00,280.00,280.00,4.00,8827558685594
Chiura Kurum Kurum Hilife 1kg,93.21,110.00,110.00,2.00,7738927472756
CornFlakes  Hilife Red,190.00,230.00,230.00,5.00,738956290953
CornFlakes Hilife Green,190.00,230.00,230.00,5.00,738956291035
Corn Flackes Jar 800g,280.00,355.00,355.00,1.00,9878672898787
Oats Jar 500g,190.00,230.00,230.00,7.00,oats 500g
Oats Jar 1kg,305.00,400.00,400.00,3.00,9878632808555
Green Tea 75g,175.00,225.00,225.00,6.00,8926588685595
Green Tea 120g,255.00,330.00,330.00,4.00,8897318505592
Green Tea 200g,415.00,545.00,545.00,3.00,8897318505592
Oats Jar 2kg,510.00,680.00,680.00,2.00,Oats 2kg
Soya Chunks 75 hilife,61.00,75.00,75.00,10.00,9878672898775
Choco Plus Yello 300g,205.00,250.00,250.00,1.00,738956291264
Choco Plus Moons & Stars300g,205.00,250.00,250.00,9.00,738956278425
Choco Plus Blue 700g,350.00,530.00,530.00,9.00,738956278722
Choco Plus 700,350.00,530.00,530.00,3.00,738956278524
Choco Plus Vanilla 300gm,209.99,250.00,250.00,5.00,738956278623
Corn Flakes Hilfe Red 600gm,230.99,280.00,280.00,6.00,738552411035
Tomato Ketchap Hilife,159.99,190.00,190.00,5.00,738956290939
Museli Hilife 300gm,289.99,370.00,370.00,3.00,7208558942190
Oats Jar 350gm,149.52,180.00,180.00,4.00,7203258942167
CornFlakes Sugarfree Hilife,120.98,145.00,145.00,3.00,738956291066
Sukmel 100g,185.00,225.00,225.00,4.00,sukmel 100g
Sagun S 42,629.99,750.00,750.00,2.00,793109
Sagun (L) 44,849.99,900.00,900.00,2.00,8908010283050
Sagun (M) 52,849.99,900.00,900.00,2.00,8908010283067
Sagun (S) 56,849.99,900.00,900.00,2.00,8908010283074
Sagun (M) 36,629.99,680.00,680.00,2.00,793110
Sagun (L) 32,629.99,700.00,700.00,2.00,793111
Sagarmatha Mixed Pickle,46.75,55.00,55.00,9.00,na
Kurre Gama 10,8.16,10.00,9.00,102.00,kurre gama
kurre Gama 20,15.83,20.00,17.00,107.00,8902452013213
edit,31.66,40.00,40.00,0.00,kurre gama 40
Cheese Ball 5Cartoon,250.00,260.00,260.00,8.00,na
Passion Tissue,68.00,80.00,80.00,5.00,794401
Potato Chips Kwiks,34.00,40.00,37.50,17.00,8901741020345
Red Plus,78.12,100.00,100.00,67.00,670724204437
Red Action,78.12,100.00,100.00,32.00,670724204444
Plate,170.00,190.00,190.00,0.00,na
Rio Jucilo Cartoon,465.00,480.00,480.00,38.00,na
Rio Jucilo,15.50,20.00,16.66,1327.00,8901741080240
Moong Dal Century,88.00,110.00,110.00,46.00,8906057903351
Rosa Chowimin 10,8.16,10.00,10.00,146.00,na
